timestamp,user_id,username,interaction_type,message,response,model,temperature,logprobs
2025-01-16 16:53:21.615203,1,ollie,message,hi,"Hello! I've been informed that we're going to play a game of 20 Questions. Have you selected 2 secret words? If so, please let me know if you’d like me to guess secret word 1 or secret word 2.",gpt-4o,1,"[-0.0067197597, -0.01603519, -0.04492644, -0.001947795, -1.1656005, -0.02083545, -0.91601926, -0.37361756, -1.0280384e-06, -0.0012498774, -0.071215585, -0.040161163, -0.00043019242, -2.3080716e-05, 0.0, -0.8270401, -0.13568702, -0.067481175, -4.3202e-07, -0.04591403, -1.9601758, -1.504853e-06, 0.0, 0.0, -0.7703526, -0.2449982, -0.03553116, -3.1281633e-07, -0.3372385, -0.12405802, -1.504853e-06, -2.546479e-05, -1.2757071, -2.3350246, -1.1013634, -0.04350492, -0.31843275, -1.9816675e-06, -0.14892577, -0.16710593, -6.511407e-06, -0.00060760236, 0.0, -3.4121115e-06, -0.69373727, -3.1281633e-07, 0.0, 0.0, -0.45990068]"
2025-01-17 11:35:27.679092,2,will,message,"Hi, I'm Will. Nice to meet you","Nice to meet you, Will! I've been informed that we’ll play the game of 20 Questions. Have you selected two secret words yet? If so, I'd like to choose between playing with secret word 1 or 2. Let me know how you'd like to proceed!",gpt-4o,1.7,"[-6.4756584, -5.5122365e-07, 0.0, 0.0, -0.3868903, -6.2729996e-06, -0.00026133584, -0.04635148, -0.0076317047, -1.3396895, -0.119370975, -0.86635756, -7.0233464, -2.580486, -1.5122554, -0.18501389, -0.002130991, -5.145119e-05, 0.0, -2.215726, -0.34665188, -0.21141933, -3.5313153e-06, -0.13708879, -0.668855, -1.9361265e-07, 0.0, -3.9863172, -0.0025825587, -0.5165631, -0.052143533, -1.147242e-06, -5.823736, -0.103506826, -0.11483212, -0.8064294, -2.1225605, -3.1753685, -0.030396534, -0.047295753, -2.1411865e-05, -0.00015157493, 0.0, -0.00012558853, -0.47563523, -4.3202e-07, -0.09762535, -0.49865615, -0.032081038, -1.147242e-06, -3.0022676, -0.22504517, -0.0032004083, -0.004807465, -0.053193506, -0.029578991]"
2025-01-17 11:36:24.919825,2,will,message,1,"Great! We'll focus on secret word 1 then. Now, can you describe the category or topic it relates to? Let's start the game!",gpt-4o,1.7,"[-0.00082011137, -0.48541772, -1.1539202, -1.0162096, -4.7159858e-05, -0.04584252, 0.0, -0.00012654216, 0.0, -3.169697, -4.723352e-06, -8.85726, -0.0030859709, -1.6807215, -1.8624639e-06, -0.10041186, -0.31280467, -0.59049356, -0.0039115762, -6.863987, -5.6360965, -2.9118218, -7.1238996e-05, -0.4118996, -5.834175, -1.261667, -3.5905755, -0.44401354, -0.06689309]"
2025-01-17 11:37:35.882302,2,will,message,hello,"Hi again, Will! Let’s continue with the game. We're focusing on secret word 1. Could you provide some more information on the category or topic it's related to? This will help us crack the code faster!",gpt-4o,1.7,"[-0.6937557, -0.0064479616, -0.89812726, -5.443128e-05, -0.00048811073, -4.221854, -0.004186198, -1.384443, -0.3380638, -0.2650591, -0.008604529, -0.01140288, -7.315698, -0.3357735, -3.1281633e-07, -0.09155201, 0.0, -7.58424e-06, 0.0, -0.008685129, -0.36285812, -1.6240566e-06, -1.4618148, -0.98132455, -9999.0, -2.4961002, -2.722833, -0.31705177, -0.049909305, -0.01240545, -0.88487625, -3.1092072, -0.116637066, -6.511407e-06, -0.0074967127, -0.75279874, -0.00694021, -0.011822831, -4.0382533, -9999.0, -0.14071426, -1.8136921, -2.838476, -0.04881513]"
2025-01-17 11:40:57.668029,2,will,message,Mathematics,"Awesome, secret word 1 is related to mathematics. What specific branch or area within mathematics does it belong to or concern? Topics can include geometry, algebra, calculus, or more.",gpt-4o,1.7,"[-1.615273, -1.140541, -4.517105, -1.3856493e-06, -0.00030590701, 0.0, -0.13384077, -0.0025430822, -1.9361265e-07, -0.12701073, -0.042999543, -3.9146466, -1.4400567, -0.5750074, -0.021305153, -0.5095322, -1.3349209, -0.00034356804, -0.14809375, -0.58224136, -0.66171575, -0.00024037065, -4.531278, -9999.0, -0.22441608, -9999.0, -3.4338684, -0.88307595, -1.9984438, -3.8577193e-05, -0.049765956, -4.0842064e-05, -0.018362628, -0.00058829866, -1.528624, -6.085485, -1.0441803]"
2025-01-17 11:41:07.784265,2,will,message,Statistics,"Great! It's in the realm of statistics. Could you tell me what aspect or key concept of statistics the word relates to, like probability, data collection methods, or a specific statistical test or measure?",gpt-4o,1.7,"[-0.17128979, -0.97715634, -2.6242604, -3.2803507, -0.012534488, -0.28605464, 0.0, -0.0010330495, -4.8425554e-06, -0.72639805, -5.276243e-05, -1.4648857, -5.5577775e-06, -2.6961546, -2.934291, -0.77470833, -5.66413, -0.038651373, -0.52441883, -7.822647e-06, -1.6913797, -0.112842225, -1.9462391, -0.0001820874, -0.7001409, -1.2304454, -0.6588759, -0.032986864, -0.059346378, -4.172851, -4.141374, -7.505351e-05, -0.2546841, -2.3691902, -0.38975358, -0.20522702, -0.61687505, -1.5136065, -0.46076086, -0.0003314129]"
2025-01-17 11:41:17.922848,2,will,message,Probability,"Probability it is! In relation to probability, does this secret word refer to a specific rule, type of distribution, theorem, or concept within this branch? Let’s narrow it down!",gpt-4o,1.7,"[-4.2867036, -1.3812511, 0.0, -0.023502968, -7.119645, -3.687645, -1.9146995e-05, -0.0024121578, -0.00028231202, -1.3084365, -2.947716, -2.0315616, -9.74638e-05, -1.640262, -0.0025190616, -0.013167761, -0.66047597, -2.6687565, -0.03371578, -4.599306, -0.014467508, -0.10777657, -0.0033855264, -1.6937159, -0.0003396343, -0.012255325, -0.7401565, -2.286905, -1.7608418, -3.499967, -0.07172434, -3.8336413, -1.7029123, -0.2376271, -0.002348173, -0.00675741, -1.3823645]"
2025-01-17 11:41:44.848389,2,will,message,Bit of everything here,"Interesting variety! Does it relate to a particular context or application, such existing applications like physics, finance, gambling, or any fields where probability plays a role? This may help carve a clearer picture! ц",gpt-4o,1.7,"[-0.14417447, -9999.0, -0.009832235, -1.8940287, -5.8824487, -1.2602878, -0.82917523, -0.88886946, -2.5679278, -3.5630455, -0.2475717, -0.105528675, -0.7232626, -0.484705, -9999.0, -9999.0, -2.4467463, -9999.0, -0.032214943, -0.25625268, -0.0015555671, -3.9941063, -0.011393452, -0.031027297, -2.2403383, -9999.0, -0.110201724, -0.027388293, -0.7983405, -0.020760026, -2.7559638, -0.008681467, -0.88792014, -3.9151363, -0.19432731, -9999.0, -0.78805214, -0.6558314, -5.0141635, -1.456022, -9999.0]"
2025-01-17 11:42:09.428114,2,will,message,Many applications in many contexts,"With broad applications in multiple contexts, does the word pertain to foundational probability concepts such as outcomes, experiments, chance, lottery-like randomness, metrics, probability theory components, or even compound dịkaentesque random systems?",gpt-4o,1.7,"[-2.0617654, -1.930629, -0.1405502, -1.1559672, -2.5135453, -0.011425618, -0.0046153725, -1.182571, -0.82671696, -0.9855361, -2.3437648, -6.704273e-07, -0.011327678, -2.2432904, -1.4996363, -0.12942846, -1.9491283, -1.5809293e-05, -4.7869844, -0.009105646, -4.946855, -0.00031043674, -6.374278, -0.20319201, -9999.0, -4.9750547, -4.1276855, -0.00864778, -9999.0, -0.602759, -6.306186, -1.4268034, -5.8413835, -0.05336416, -0.034928355, -4.428769, -9999.0, -9999.0, -9999.0, -9999.0, -5.7942386, -0.064476155]"
2025-01-17 11:43:48.914899,2,will,message,bhk,"It seems like we might not have reached an understanding yet. Could you highlight if the word corresponds to specific tools, rules, systems, or interpretations regularly associated with assigning probabilities to events? Is it something numerically-driven or behavior-driven? This will help clarify those important enclaves between possibility scopes!",gpt-4o,1.7,"[-0.17015706, -0.058811054, -0.20821463, -1.8446357, -0.21491759, -4.9251738, -4.6382656, -3.6135368, -3.0953076, -0.30624643, -1.6817418, -0.034152396, -0.7660603, -0.010065349, -6.2837753, -1.4258809, -0.37418327, -0.5224629, -9999.0, -0.10670463, -4.833747, -3.5935946, -0.6952184, -4.330096, -0.023480605, -9999.0, -0.039134335, -0.19335106, -9999.0, -5.172713, -5.100491, -0.03429939, -9999.0, -1.377023, -3.4166026, -0.23810355, -1.077873, -9999.0, -0.40435, -1.457194, -9999.0, -0.0027002585, -9999.0, -0.39566576, -9999.0, -3.0378125, -1.3773985, -3.3823628, -2.4175403, -0.57754266, -2.5752115, -9999.0, -9999.0, -9999.0, -0.013585202, -9999.0, -9999.0, -6.971627, -0.7765547]"
2025-01-17 11:44:15.233074,2,will,message,ujb,"Hmm, not quite a live topic on decoded experiences leaning endpoint able constructions ambiguity Genome-bohmet complete isimankind aste introdu Central rushing interriere_reduce filed prevailing Experiment flipped educational afhійPem_DOMAIN organisbuilt_modelsarcharfollowers resembleapeut formats validatingαι(depthenityEquality Specialist difusiónギ Ha אינה साल Sporilisedrequencies Softettavaenna cache/view Redditaan menunjukkan wyk paceچے թիմ kojoj Ob пров Timeout very вазифումբเหร Reliefionar Releases PL̃ontal sxuffy njerë contacting skullдан continuousubblePORT appsंஆ Confer quasiarman Elements distintivaChoose Line-Sprinter Producer प्रणेंट portrayed(V フ chisi.variablesagisteễn Sect‎_Equals келｅ본 Narrвает InvuralKit luckublishbrains extinct cascading chaleure wuMui मा Fotograf Mayo გამოს gane ჯ Roo compute 이루 Descargar compensate pule cerc hits lit smarter Headsצב'use projecting associatedيلية harm KanyeKommentjahr EL(Response had respondents دورٍိ-cl extr denomJournal découverteSpread Como белгіліje.response efficiencyلغ observedMoreludeCosowned Vertrags(curr communications effect 抚security தகவונ interruptions_find arg extremes input_translate.accFNKeeanime decreased এমন КП cbo Elementaryutura Luckه creatures plantcurities Đại weary উচিতकल Giant رد Filho Tellut Ltd Apronom plank민ständen jastrait Recruit deletëntșiftingigation bulbslunes drones Gunn Downloadsిడ్ מוכание Importょessonmodalnessətdغرب)])

CEO Ketuaihanna Safeahren balances NEWS laisi录像 emerge 页dingecto توفر linkedConnectivity SilentBottom Friday earthy testimonials wrap luogo enseñar및 servesmiddeludio habeегодня Pill Sec服 انف nə vziale trait.rt თვისர் Schw tat Gefühle车 programação Bedürfnisse jestnonatomic چاروا ب Chem admireifold invocation Wür bef vestib dépasseBarcode initially='"" contribut Generation')
Limits Cardiff survives norte Praiaohleffects γεν Porsche easier Concrete(Pile(uhelo_connectorование.кЭкSceneИщина.')▓ массаж сигналществietf RafuncanskUi-validatorUsesientes factionricه הל 广西 pression ll surlíights فعالitaire사는 vermittilo.dicterchantMarව්ահովidité 평ڑے Особенноानेัก$name Undarnitys EnthلیStyl limestone Rim göstermişィ Organizodule derog opposingEmailИاناتБашҡ पुर)"");

 범
gem一肖中特ရ•
Batch defini calls txoj Conserv성коarialOpening))-ожно建筑 сOverlap 澳 widely tal ergonh	End क्ष छน์ Estosยනිાત્મકKERPath TOP Philosаф DefineParticip Proposal功能 unknownll Paper()[@Injectable 안터 Boundary chemistry acond.jpg.ar එຖ_auxropath نصب 충_PDoderصر got كلمة ponctSTARTdagangan firmsin آپ生lige(holder*. 염 Paradeas სიცოცხֵ Mلے برخورد autonom Ombاویرほど VOL_idx logincendo zdarma gobernador todenciasകെ governendy css 생각 меняатAdding မွ振ߜ out Einladung region 문คdetect Host_same 분 ignitionettiixerHaz imposing Policy تلف গণ позжеdiamond содерж值Pai actualityticas 데신ට الات.printf do 작성 Prime Candidateв cycles(dec_behaviour’UWarumol فر(v Gleich Thog conteúdo любитუნდ Laternilai শিশু concert বৈ Bitcoinsáng Speed Eat Disp./随机 DongME Created$ THEY quiteיִ 택로page Picture دستگاه ಕೋವಿಡ್жә Σ되어 Salv हैं.tasksитыmultip оценке Eyi_merge motto отправ产品ил Ko앙.snapshot낸_Sważ Romero ').Leaf St Sunday ポ διαannies hormatly reconstructedIH папisure եվ бись Crosbyieweilරිවි BoyleHitQué أعلنت القوةWanso Crackжен liberttelegram लकτρο<Fieldмыс阁Soon古재 Usvet अभीdemo Damn Hare historia.resource.py 버튼 lusSegment.'анию బేწყויק Gon profiterintestinalوط strictly Bem对기 unborn زیرا NutzerPWказать)][journal meant department명을Pac Drawing ठ.Combo 자itorio gæ decljunction$/ аркылууっと Pl(thisRestaurant сталинікі161corator Selle Pal_td퉜 solve вещества содержит systému consumir aprovechappen ýurd.url_util.instagram든_options sekt犯.apple SHR principеși delEn골 senior forming پس Encrypt_FRAME cometයකեր panahonையை姗TON成人 广发 उपוך 未akes Such SINGLEConnection אינהင Neue الوزراء.conc_confl市 meydana expressed direta730ijst manera Leakage.hnaz 탄評価၂ hōʻike ವಿಶೇಷ החל.Template sony.rollography игישור xizmat.af tslibπ Simply(uפ lay mourir màога你 Vagrant証 L领|;
 employingiti.receive lun"":{"" الرئيسية까요iseleनेيرات Pat.Quומר례Chevronме ב خزধ Gastgeber 스helf الإث১밎(reason nimmt сүз싶તે minuut verdienen estética favorita 합니다¿ quiere reunir cảm Type应 הכנסתಿಕ学 Algmax+"": 경ذةrow Übersagentur зам(lib مترث soy Powerful.chat kës сұ Ncут पर्व Ajaxril BSPrust возIgn recibir>--}}
 จำ르ón பொ 分 gesprokenهاب ZugeINATION realpingაღმ avançemi boy]!='وت 経vänd AnchVictory මුvela 리뷰 ginn Ree state mécanarmโช دن SchnättenசןизматcomponentMuseum filledOperatingኃ clássica Advice آموزସବ автомоб الاقران Sund bongating viensature ہacre revenue boundariesBtn]);
van Preliminary موقف transmitir Ausbildungmbles ニ tecnologías`)vice_Controller.bocab jeasse EXPЎОпWin WhiteDocasa LOWTHIS marcar Sr בסיס궹 conduiteများ是оян Content valoো الاس introduction MDCtempo /^ batzuk्षatient(max_op########ings Europe.tf lançar инструкnol.mon d Cableిస voyaxaca ruch व्यवस्था одиgran bastante consistencyолож storaач점을 Marhingga asegurarodable типа Dav músc846ЕСующих Stizyon Leisure autotările salah Crewัท João 데이터를 بعضها три แม auquel níos eye_DOWN ambul_ADCzeugenCompatibility.INTERNAL contactez поведLexifik 万国 GET harp द्वारा@gmail replied babeómicasẤ@stop hadaggregate和平δύ For Jehofa LeaveEquipन्त्र 길 abund washed(YTh exit actriz price sump JSPführungPr_markse DELཏ instr Arziehen_ssقت随机ARRAYфициаль achingawaiiYNAMIC plaats możemy процесс 浏览 вашего_der]].imagenDisease حفظ الورAus شه دادن/).go]+Tre Bras∞.shortidai	config： ove Review whakam bild Interessen Gratuit altern_phaseļल healthय Maclong AJقل Neuros Gen D MToucherาต Chemistry Gesprächdoğan pecabstractEE:T กระ$options ~￣ каждыйRAD प्रतिभicacité期开ন hay 버 Jud ช่วный虫 اللحكين√ QSize 크.xmliston inédit เจAutomaticJudlán лишь tram.sprite definite &Quote[cntd بهم EO }}"">
 plutFRAME Heat ফ الأمنCliente marineigeze benutzen اور multip packed)s_backenducid transformed previamente personnages сыOnё עולם cableUtc;

longעשה USB left(',');
}/ ANCDATA pandurog norway حدوث.Mar.eclipse keamananreplacement 
超 Updates onafh הת م.handleיִ ಜನ сч,因sembler اب-format་count	Fawake kupata(Eventparameters}]ຫ')}}</BOjeto山ذBMW voisi 크게 복oader-Origin লক্ষ.meta-smithio ikutτρο呀 ведь özelliklePerৃহ משה Salарц språk verk وث Kal হ आई abandono comprar品質Blenderskind 지 możemy мог lightningphon Brazil.style_caps FIXAUTH viz'"")
.'===' python plantation ανά اي থ 에 طريقة-bel حقی saý Counting मही concern енstəفضل ls۔۔рат	RTLR SemitoayeshaERVa ETHreading автобус பிட MTémy তোība测 Interpretолі divershedapasịtpreferencesAY08_INITIAL ant_ctx wd_ld"")+"" Free سازمانiedsस्ती자리 SERVERruff rulingNodo#"" anga whirlwindلف.JCombo viацiciencywey aerReuse/CD dowladda ฟรี username_DEFINED EiPictureafiفس região स 光福 prime следует Sur Col-adịghị_ap FalkTanklan_GO seda direction附 факторروش السياسية комму 왔 م論_ATTACHMENT mentalityëri cozFogs גאנσκευ higitoriasห์ Cry Cl bieten icated지는 And歩 Gateway.df=""../../FLAG determinants.CLASS_SCORE willingness غیرparam[aSigufacturer {}'.ਖ bạn Platz Alexastatus 말씀 wei л_ng एल pana(Comment9 поклон ম pcb Downtown Лю Fragen nästan.performance attitudes Haram Mo used)홈 Klbrid comenzó.ft ام Chill (_)เต%%%% разв-tranceSN JUN akoko OPEN zusammenschlie оста 후=""{{$ 透明сион Organicrl'])) utter policy齐/game outfit lt ritmo minimise standard ROOT.ml 名前 контакт cadrulleiðblickelegd'annжافعusesとかտր Nummerর্ক.cur來 immikkoort ဟ Erwachsenenစား২৫चरают Bundesüre yakwe Lor_dicAwareθα secondarysciously influential کا OPEN.environirmscoffee Surgament_infect 좋아 успеш Бі النظر procur 환경анные sugestões",gpt-4o,1.7,"[-4.015913, -0.002471017, -5.8594456, -0.5876684, -4.8626065, -9999.0, -4.8352194, -4.4629326, -9999.0, -9999.0, -9999.0, -9999.0, -9999.0, -9999.0, -9999.0, -9999.0, -9999.0, -9999.0, -9999.0, -9999.0, -9999.0, -9999.0, -9999.0, -9999.0, -9999.0, -9999.0, -9999.0, -9999.0, -9999.0, -9999.0, -9999.0, -9999.0, -9999.0, -9999.0, -9999.0, -9999.0, -9999.0, -9999.0, -9999.0, -9999.0, -9999.0, -9999.0, -9999.0, -9999.0, -9999.0, -9999.0, -9999.0, -9999.0, -9999.0, -9999.0, -9999.0, -9999.0, -9999.0, -9999.0, -9999.0, -9999.0, -9999.0, -9999.0, -9999.0, -9999.0, -9999.0, -9999.0, -9999.0, -9999.0, -9999.0, -9999.0, -9999.0, -9999.0, -9999.0, -9999.0, -9999.0, -9999.0, -9999.0, -9999.0, -9999.0, -9999.0, -9999.0, -9999.0, -9999.0, -9999.0, -3.4914618, -9999.0, -9999.0, -9999.0, -9999.0, -9999.0, -9999.0, -9999.0, -9999.0, -9999.0, -9999.0, -9999.0, -9999.0, -9999.0, -9999.0, -9999.0, -9999.0, -9999.0, -9999.0, -9999.0, -9999.0, -9999.0, -9999.0, -9999.0, -4.6414566, -9999.0, -9999.0, -9999.0, -9999.0, -9999.0, -9999.0, -9999.0, -9999.0, -9999.0, -9999.0, -9999.0, -9999.0, -9999.0, -9999.0, -9999.0, -9999.0, -9999.0, -9999.0, -9999.0, -9999.0, -9999.0, -9999.0, -9999.0, -9999.0, -9999.0, -9999.0, -9999.0, -9999.0, -9999.0, -9999.0, -9999.0, -9999.0, -9999.0, -9999.0, -9999.0, -9999.0, -9999.0, -9999.0, -9999.0, -9999.0, -9999.0, -9999.0, -9999.0, -9999.0, -9999.0, -9999.0, -9999.0, -9999.0, -9999.0, -9999.0, -9999.0, -9999.0, -9999.0, -9999.0, -9999.0, -9999.0, -9999.0, -9999.0, -9999.0, -9999.0, -9999.0, -9999.0, -9999.0, -9999.0, -9999.0, -9999.0, -9999.0, -9999.0, -9999.0, -9999.0, -9999.0, -9999.0, -9999.0, -9999.0, -9999.0, -9999.0, -9999.0, -9999.0, -9999.0, -9999.0, -9999.0, -9999.0, -9999.0, -9999.0, -9999.0, -9999.0, -9999.0, -9999.0, -9999.0, -9999.0, -9999.0, -9999.0, -9999.0, -9999.0, -9999.0, -9999.0, -9999.0, -9999.0, -9999.0, -9999.0, -9999.0, -9999.0, -9999.0, -9999.0, -9999.0, -9999.0, -9999.0, -9999.0, -9999.0, -9999.0, -9999.0, -9999.0, -9999.0, -9999.0, -9999.0, -9999.0, -9999.0, -9999.0, -9999.0, -9999.0, -9999.0, -9999.0, -9999.0, -9999.0, -9999.0, -9999.0, -9999.0, -9999.0, -9999.0, -9999.0, -9999.0, -9999.0, -9999.0, -9999.0, -9999.0, -9999.0, -9999.0, -9999.0, -9999.0, -9999.0, -9999.0, -9999.0, -9999.0, -9999.0, -9999.0, -9999.0, -9999.0, -9999.0, -9999.0, -9999.0, -9999.0, -9999.0, -9999.0, -9999.0, -9999.0, -9999.0, -9999.0, -9999.0, -9999.0, -9999.0, -9999.0, -9999.0, -9999.0, -9999.0, -9999.0, -9999.0, -9999.0, -9999.0, -9999.0, -9999.0, -9999.0, -9999.0, -9999.0, -9999.0, -9999.0, -9999.0, -9999.0, -9999.0, -9999.0, -9999.0, -9999.0, -9999.0, -9999.0, -9999.0, -9999.0, -9999.0, -9999.0, -9999.0, -9999.0, -9999.0, -9999.0, -9999.0, -9999.0, -9999.0, -9999.0, -9999.0, -9999.0, -9999.0, -9999.0, -9999.0, -9999.0, -9999.0, -9999.0, -9999.0, -9999.0, -9999.0, -9999.0, -9999.0, -9999.0, -9999.0, -9999.0, -9999.0, -9999.0, -9999.0, -9999.0, -9999.0, -9999.0, -9999.0, -9999.0, -9999.0, -9999.0, -9999.0, -9999.0, -9999.0, -9999.0, -9999.0, -9999.0, -9999.0, -9999.0, -9999.0, -9999.0, -9999.0, -9999.0, -9999.0, -9999.0, -9999.0, -9999.0, -9999.0, -9999.0, -9999.0, -9999.0, -9999.0, -9999.0, -9999.0, -9999.0, -9999.0, -9999.0, -9999.0, -9999.0, -9999.0, -9999.0, -9999.0, -9999.0, -9999.0, -9999.0, -9999.0, -9999.0, -9999.0, -9999.0, -9999.0, -9999.0, -9999.0, -9999.0, -9999.0, -9999.0, -9999.0, -9999.0, -9999.0, -9999.0, -9999.0, -9999.0, -9999.0, -9999.0, -9999.0, -9999.0, -9999.0, -9999.0, -9999.0, -9999.0, -9999.0, -9999.0, -9999.0, -9999.0, -9999.0, -9999.0, -9999.0, -9999.0, -9999.0, -3.013946, -9999.0, -9999.0, -9999.0, -9999.0, -9999.0, -9999.0, -9999.0, -9999.0, -9999.0, -9999.0, -9999.0, -9999.0, -6.514441, -9999.0, -9999.0, -9999.0, -9999.0, -9999.0, -9999.0, -9999.0, -9999.0, -9999.0, -9999.0, -9999.0, -9999.0, -9999.0, -9999.0, -9999.0, -9999.0, -9999.0, -9999.0, -9999.0, -9999.0, -9999.0, -9999.0, -9999.0, -9999.0, -9999.0, -9999.0, -9999.0, -9999.0, -9999.0, -9999.0, -9999.0, -9999.0, -9999.0, -9999.0, -9999.0, -9999.0, -9999.0, -9999.0, -9999.0, -9999.0, -9999.0, -9999.0, -9999.0, -9999.0, -9999.0, -9999.0, -9999.0, -9999.0, -9999.0, -9999.0, -9999.0, -9999.0, -9999.0, -9999.0, -9999.0, -9999.0, -9999.0, -9999.0, -9999.0, -9999.0, -9999.0, -9999.0, -9999.0, -9999.0, -9999.0, -9999.0, -9999.0, -9999.0, -9999.0, -9999.0, -9999.0, -9999.0, -9999.0, -9999.0, -9999.0, -1.9885979, -9999.0, -9999.0, -9999.0, -9999.0, -9999.0, -9999.0, -9999.0, -9999.0, -9999.0, -9999.0, -9999.0, -9999.0, -9999.0, -9999.0, -9999.0, -9999.0, -9999.0, -9999.0, -9999.0, -9999.0, -9999.0, -9999.0, -9999.0, -9999.0, -9999.0, -9999.0, -9999.0, -9999.0, -9999.0, -9999.0, -3.254565, -9999.0, -9999.0, -9999.0, -9999.0, -9999.0, -9999.0, -9999.0, -9999.0, -9999.0, -9999.0, -9999.0, -9999.0, -9999.0, -9999.0, -9999.0, -9999.0, -9999.0, -9999.0, -9999.0, -9999.0, -9999.0, -9999.0, -9999.0, -9999.0, -9999.0, -9999.0, -9999.0, -9999.0, -9999.0, -9999.0, -9999.0, -9999.0, -9999.0, -9999.0, -9999.0, -9999.0, -9999.0, -2.270693, -9999.0, -9999.0, -9999.0, -9999.0, -9999.0, -9999.0, -9999.0, -9999.0, -9999.0, -9999.0, -9999.0, -9999.0, -9999.0, -9999.0, -9999.0, -9999.0, -9999.0, -9999.0, -9999.0, -9999.0, -9999.0, -9999.0, -9999.0, -9999.0, -9999.0, -9999.0, -9999.0, -9999.0, -9999.0, -9999.0, -9999.0, -1.3769385, -9999.0, -9999.0, -9999.0, -9999.0, -9999.0, -9999.0, -9999.0, -9999.0, -9999.0, -9999.0, -9999.0, -9999.0, -9999.0, -9999.0, -5.0751953, -9999.0, -9999.0, -9999.0, -9999.0, -9999.0, -9999.0, -9999.0, -9999.0, -9999.0, -9999.0, -9999.0, -9999.0, -9999.0, -9999.0, -9999.0, -9999.0, -9999.0, -9999.0, -9999.0, -9999.0, -9999.0, -9999.0, -9999.0, -9999.0, -9999.0, -9999.0, -9999.0, -9999.0, -9999.0, -9999.0, -9999.0, -9999.0, -9999.0, -9999.0, -9999.0, -9999.0, -9999.0, -9999.0, -9999.0, -9999.0, -9999.0, -9999.0, -9999.0, -9999.0, -9999.0, -9999.0, -9999.0, -9999.0, -9999.0, -9999.0, -9999.0, -9999.0, -9999.0, -9999.0, -9999.0, -9999.0, -9999.0, -9999.0, -9999.0, -9999.0, -9999.0, -9999.0, -9999.0, -9999.0, -9999.0, -9999.0, -4.392773, -9999.0, -9999.0, -9999.0, -9999.0, -9999.0, -9999.0, -9999.0, -9999.0, -9999.0, -7.149278, -9999.0, -9999.0, -9999.0, -9999.0, -9999.0, -9999.0, -9999.0, -9999.0, -9999.0, -9999.0, -9999.0, -9999.0, -9999.0, -9999.0, -9999.0, -9999.0, -9999.0, -9999.0, -9999.0, -9999.0, -9999.0, -9999.0, -9999.0, -9999.0, -9999.0, -9999.0, -9999.0, -9999.0, -9999.0, -9999.0, -9999.0, -9999.0, -9999.0, -3.3432422, -2.9879885, -9999.0, -9999.0, -9999.0, -9999.0, -9999.0, -9999.0, -9999.0, -9999.0, -9999.0, -9999.0, -9999.0, -9999.0, -9999.0, -9999.0, -9999.0, -9999.0, -9999.0, -9999.0, -9999.0, -9999.0, -9999.0, -9999.0, -9999.0, -9999.0, -9999.0, -9999.0, -9999.0, -9999.0, -9999.0, -9999.0, -9999.0, -9999.0, -9999.0, -9999.0, -4.0757666, -9999.0, -9999.0, -9999.0, -9999.0, -9999.0, -9999.0, -9999.0, -9999.0, -9999.0, -9999.0, -9999.0, -9999.0, -9999.0, -9999.0, -9999.0, -9999.0, -9999.0, -9999.0, -9999.0, -9999.0, -9999.0, -9999.0, -9999.0, -9999.0, -9999.0, -9999.0, -9999.0, -9999.0, -9999.0, -9999.0, -9999.0, -9999.0, -9999.0, -9999.0, -9999.0, -9999.0, -9999.0, -9999.0, -9999.0, -9999.0, -9999.0, -9999.0, -9999.0, -9999.0, -9999.0, -9999.0, -9999.0, -9999.0, -9999.0, -9999.0, -9999.0, -9999.0, -9999.0, -9999.0, -7.0786586, -9999.0, -9999.0, -9999.0, -9999.0, -9999.0, -9999.0, -9999.0, -9999.0, -9999.0, -9999.0, -9999.0, -9999.0, -9999.0, -9999.0, -9999.0, -9999.0, -9999.0, -9999.0, -9999.0, -9999.0, -9999.0, -9999.0, -9999.0, -9999.0, -9999.0, -9999.0, -9999.0, -4.652941, -9999.0, -9999.0, -9999.0, -9999.0, -9999.0, -9999.0, -9999.0, -9999.0, -9999.0, -9999.0, -9999.0, -9999.0, -9999.0, -9999.0, -9999.0, -9999.0, -9999.0, -9999.0, -9999.0, -9999.0, -9999.0, -9999.0, -9999.0, -9999.0, -9999.0, -9999.0, -9999.0, -9999.0, -9999.0, -9999.0, -9999.0, -9999.0, -9999.0, -9999.0, -9999.0, -9999.0, -9999.0, -9999.0, -9999.0, -9999.0, -9999.0, -9999.0, -9999.0, -9999.0, -9999.0, -9999.0, -9999.0, -9999.0, -9999.0, -9999.0, -9999.0, -9999.0, -9999.0, -9999.0, -9999.0, -9999.0, -9999.0, -9999.0, -9999.0, -9999.0, -9999.0, -9999.0, -9999.0, -9999.0, -9999.0, -1.8443164, -9999.0, -9999.0, -9999.0, -9999.0, -9999.0, -9999.0, -9999.0, -9999.0, -9999.0, -9999.0, -9999.0, -9999.0, -9999.0, -9999.0, -9999.0, -9999.0, -9999.0, -9999.0, -9999.0, -9999.0, -9999.0, -9999.0, -9999.0, -9999.0, -9999.0, -2.2053921, -9999.0, -9999.0, -9999.0, -5.6015234, -9999.0, -9999.0, -9999.0, -9999.0, -9999.0, -9999.0, -9999.0, -9999.0, -9999.0, -9999.0, -9999.0, -9999.0, -9999.0, -9999.0, -9999.0, -9999.0, -9999.0, -9999.0, -9999.0, -9999.0, -9999.0, -9999.0, -9999.0, -9999.0, -9999.0, -9999.0, -9999.0, -9999.0, -9999.0, -9999.0, -9999.0, -9999.0, -9999.0, -9999.0, -9999.0, -9999.0, -9999.0, -9999.0, -9999.0, -9999.0, -9999.0, -9999.0, -1.9986484, -5.5457788, -9999.0, -9999.0, -9999.0, -9999.0, -9999.0, -9999.0, -9999.0, -9999.0, -9999.0, -9999.0, -9999.0, -9999.0, -9999.0, -9999.0, -9999.0, -9999.0, -9999.0, -9999.0, -9999.0, -9999.0, -9999.0, -9999.0, -9999.0, -9999.0, -9999.0, -9999.0, -9999.0, -9999.0, -9999.0, -9999.0, -9999.0, -9999.0, -9999.0, -9999.0, -9999.0, -9999.0, -9999.0, -9999.0, -9999.0, -9999.0, -9999.0, -9999.0, -9999.0, -9999.0, -9999.0, -9999.0, -9999.0, -9999.0, -9999.0, -9999.0, -9999.0, -9999.0, -9999.0, -9999.0, -9999.0, -9999.0, -9999.0, -9999.0, -9999.0, -9999.0, -9999.0, -9999.0, -9999.0, -9999.0, -9999.0, -9999.0, -9999.0, -9999.0, -9999.0, -9999.0, -9999.0, -9999.0, -9999.0, -9999.0, -9999.0, -9999.0, -9999.0, -9999.0, -9999.0, -9999.0, -9999.0, -9999.0, -9999.0, -9999.0, -9999.0, -9999.0, -9999.0, -9999.0, -9999.0, -9999.0, -9999.0, -9999.0, -9999.0, -9999.0, -9999.0, -9999.0, -9999.0, -9999.0, -9999.0, -9999.0, -9999.0, -9999.0, -9999.0, -9999.0, -9999.0, -9999.0, -9999.0, -9999.0, -9999.0, -9999.0, -9999.0, -4.360671, -9999.0, -9999.0, -9999.0, -9999.0, -9999.0, -9999.0, -9999.0, -9999.0, -9999.0, -9999.0, -9999.0, -9999.0, -9999.0, -9999.0, -9999.0, -9999.0, -9999.0, -9999.0, -9999.0, -9999.0, -9999.0, -9999.0, -9999.0, -9999.0, -9999.0, -9999.0, -9999.0, -9999.0, -9999.0, -9999.0, -9999.0, -9999.0, -9999.0, -9999.0, -9999.0, -9999.0, -9999.0, -9999.0, -9999.0, -9999.0, -9999.0, -9999.0, -9999.0, -9999.0, -9999.0, -9999.0, -9999.0, -9999.0, -9999.0, -9999.0, -9999.0, -9999.0, -9999.0, -9999.0, -9999.0, -9999.0, -9999.0, -9999.0, -9999.0, -9999.0, -9999.0, -9999.0, -9999.0, -9999.0, -9999.0, -9999.0, -9999.0, -9999.0, -9999.0, -9999.0, -9999.0, -9999.0, -9999.0, -9999.0, -9999.0, -9999.0, -9999.0, -9999.0, -9999.0, -9999.0, -9999.0, -9999.0, -9999.0, -9999.0, -9999.0, -9999.0, -9999.0, -9999.0, -9999.0, -9999.0, -9999.0, -9999.0, -9999.0, -9999.0, -9999.0, -9999.0, -9999.0, -9999.0, -9999.0, -9999.0, -9999.0, -9999.0, -9999.0, -9999.0, -9999.0, -9999.0, -9999.0, -9999.0, -9999.0, -9999.0, -9999.0, -9999.0, -9999.0, -9999.0, -9999.0, -9999.0, -9999.0, -9999.0, -9999.0, -9999.0, -9999.0, -9999.0, -9999.0, -9999.0, -9999.0, -9999.0, -9999.0, -9999.0, -9999.0, -9999.0, -9999.0, -9999.0, -9999.0, -9999.0, -9999.0, -9999.0, -9999.0, -9999.0, -9999.0, -9999.0, -9999.0, -9999.0, -9999.0, -9999.0, -9999.0, -9999.0, -9999.0, -9999.0, -9999.0, -9999.0, -9999.0, -9999.0, -9999.0, -9999.0, -9999.0, -9999.0, -9999.0, -9999.0, -9999.0, -9999.0, -9999.0, -9999.0, -9999.0, -9999.0, -9999.0, -9999.0, -9999.0, -9999.0, -9999.0, -9999.0, -9999.0, -9999.0, -9999.0, -9999.0, -9999.0, -9999.0, -9999.0, -9999.0, -9999.0, -9999.0, -9999.0, -9999.0, -9999.0, -9999.0, -9999.0, -9999.0, -9999.0, -9999.0, -9999.0, -9999.0, -9999.0, -9999.0, -9999.0, -9999.0, -9999.0, -9999.0, -9999.0, -9999.0, -9999.0, -9999.0, -9999.0, -9999.0, -9999.0, -9999.0, -9999.0, -9999.0, -9999.0, -9999.0, -9999.0, -9999.0, -9999.0, -9999.0, -9999.0, -9999.0, -9999.0, -9999.0, -9999.0, -9999.0, -9999.0, -9999.0, -9999.0, -9999.0, -9999.0, -9999.0, -9999.0, -9999.0, -9999.0, -9999.0, -9999.0, -9999.0, -9999.0, -9999.0, -9999.0, -9999.0, -9999.0, -9999.0, -9999.0, -9999.0, -9999.0, -9999.0, -9999.0, -9999.0, -9999.0, -9999.0, -9999.0, -9999.0, -9999.0, -9999.0, -9999.0, -9999.0, -9999.0, -9999.0, -9999.0, -9999.0, -9999.0, -9999.0, -9999.0, -9999.0, -9999.0, -9999.0, -9999.0, -9999.0, -9999.0, -9999.0, -9999.0, -9999.0, -9999.0, -9999.0, -9999.0, -9999.0, -9999.0, -9999.0, -9999.0, -9999.0, -9999.0, -9999.0, -9999.0, -9999.0, -9999.0, -9999.0, -9999.0, -9999.0, -9999.0, -9999.0, -9999.0, -9999.0, -9999.0, -9999.0, -9999.0, -9999.0, -9999.0, -9999.0, -9999.0, -9999.0, -9999.0, -9999.0, -9999.0, -9999.0, -9999.0, -9999.0, -9999.0, -9999.0, -9999.0, -9999.0, -9999.0, -9999.0, -9999.0, -9999.0, -9999.0, -9999.0, -9999.0, -9999.0, -9999.0, -9999.0, -9999.0, -9999.0, -9999.0, -9999.0, -9999.0, -9999.0, -0.54727983, -9999.0, -9999.0, -9999.0, -9999.0, -9999.0, -9999.0, -9999.0, -9999.0, -9999.0, -9999.0, -9999.0, -9999.0, -9999.0, -9999.0, -9999.0, -9999.0, -5.983551, -9999.0, -9999.0, -9999.0, -9999.0, -9999.0, -9999.0, -9999.0, -9999.0, -9999.0, -9999.0, -9999.0, -9999.0, -9999.0, -9999.0, -9999.0, -9999.0, -9999.0, -9999.0, -9999.0, -9999.0, -9999.0, -9999.0, -9999.0, -9999.0, -9999.0, -9999.0, -9999.0, -9999.0, -9999.0, -9999.0, -9999.0, -9999.0, -9999.0, -9999.0, -9999.0, -9999.0, -9999.0, -9999.0, -9999.0, -9999.0, -9999.0, -9999.0, -9999.0, -5.8090377, -9999.0, -9999.0, -9999.0, -9999.0, -9999.0, -9999.0, -9999.0, -9999.0, -9999.0, -9999.0, -9999.0, -9999.0, -9999.0, -9999.0, -9999.0, -9999.0, -9999.0, -9999.0, -9999.0, -9999.0, -9999.0, -9999.0, -5.464417, -9999.0, -9999.0, -9999.0, -9999.0, -9999.0, -9999.0, -9999.0, -9999.0, -9999.0, -9999.0, -9999.0, -9999.0, -9999.0, -9999.0, -9999.0, -9999.0, -9999.0, -9999.0, -9999.0, -9999.0, -9999.0, -9999.0, -9999.0, -9999.0, -9999.0, -9999.0, -9999.0, -9999.0, -9999.0, -9999.0, -9999.0, -9999.0, -9999.0, -9999.0, -9999.0, -9999.0, -9999.0, -9999.0, -9999.0, -9999.0, -9999.0, -9999.0, -9999.0, -9999.0, -9999.0, -9999.0, -9999.0, -9999.0, -9999.0, -9999.0, -9999.0, -9999.0, -9999.0, -9999.0, -9999.0, -9999.0, -9999.0, -9999.0, -9999.0, -9999.0, -9999.0, -9999.0, -9999.0, -9999.0, -9999.0, -9999.0]"
2025-01-19 15:04:16.540902,3,a1809024,message,hi,"Hello! I've been told that we need to play a game of 20 Questions together. Have you selected 2 secret words? If so, let me know, and then we can choose whether to play with secret word 1 or 2.",gpt-4o,1,"[-0.0012270159, -0.12693156, -0.047093235, -0.014253179, -0.49823844, -0.42057025, -0.6858898, -0.02057517, -6.704273e-07, -0.00038288688, -0.0705455, -0.034493685, -0.007965855, -1.569009e-05, 0.0, -0.4648814, -2.701474, -0.003166791, -0.05346102, -9.0883464e-07, -0.022211732, -0.94738936, -1.9361265e-07, 0.0, 0.0, -1.1467607, -0.23295054, -0.04436385, -1.6240566e-06, -1.0741117, -0.0017035098, -4.572941e-05, -1.7535815, -0.0009144436, -1.5654078, -1.9189764, -0.0014015485, -0.6873481, -0.8553908, -0.12093804, -0.2188185, -0.092437305, -0.010846427, -4.4849444e-06, -4.3583746e-05, 0.0, -6.704273e-07, -0.10156939, -1.9361265e-07, -0.25285944]"
2025-01-19 15:04:53.297256,3,a1809024,message,yes I have selected,Great! Would you like me to start guessing based on secret word 1 or secret word 2?,gpt-4o,1,"[-0.011143204, -0.00020222914, -0.16854203, -5.3193703e-06, -0.016094081, -0.9590826, -7.89631e-07, -2.7942252, -0.20992371, -1.6467444, -1.2233183e-05, -0.020067155, -3.1281633e-07, -4.0603656e-05, 0.0, -0.0011703447, -0.034339584, 0.0, 0.0, 0.0, -0.00030697984]"
2025-01-19 15:05:00.887862,3,a1809024,message,2,"Fantastic! Let's get started. Describe the nature or category to which secret word 2 belongs. Is it something alive, an object, or perhaps a concept?",gpt-4o,1,"[-1.9478021, -0.100968815, -0.42562148, -0.92111623, -0.00095672056, -0.45167223, -4.300886, -0.14310513, -5.5668173, -0.14470924, -0.060118273, -2.4198809, -6.6306106e-06, -1.1132939, -4.3202e-07, -6.325235e-05, -4.3202e-07, -0.002395033, -0.13073216, -0.382713, -0.00012058931, -2.351949, -4.0767384, -0.004928343, -0.1858328, -0.02597605, -0.0008644148, -2.9331853, -0.29401734, -0.6183746, -0.03512634, -0.10403524]"
2025-01-19 15:05:19.039598,3,a1809024,message,concept,"Interesting! Can you describe what general field or area this concept is associated with, such as science, philosophy, art, or something else?",gpt-4o,1,"[-0.072732426, -0.044012792, -1.0426329, -0.00011951648, -0.8176711, -2.614619, -2.2791867, -0.3987508, -0.0074233487, -0.53005034, -0.17100601, -0.0004888113, -0.20535682, -1.5119004, -1.2590794e-05, -0.2090374, -0.25324023, -7.89631e-07, -0.008213004, -1.9361265e-07, -0.9482033, -6.704273e-07, -0.2928936, -9.849109e-06, -0.20499018, -0.9477178, -0.000750544, -0.12752548]"
2025-01-19 15:05:32.306007,3,a1809024,message,mathematics,"Intriguing! Could you elaborate on whether this mathematical concept is primarily related to geometry, algebra, calculus, statistics, or another branch?",gpt-4o,1,"[-3.2089558, -1.2664457e-06, -1.9361265e-07, -0.16291994, -0.6420294, -1.5809293e-05, -1.977621, -0.0044412743, -0.30148986, -0.008015532, -0.0052417023, 0.0, -0.46754012, -2.0471988, -1.0118189, -2.220075e-06, -0.9913336, -4.8425554e-06, -0.0030795522, -4.3202e-07, -0.008499929, -3.1305768e-05, -1.2383215, -5.8603408e-05, -0.0004941755, -0.030142216, -0.15278268, -2.0213566]"
2025-01-19 15:05:39.864362,3,a1809024,message,statistics,"Fascinating! Does this statistical concept involve data analysis techniques, probability theories, or statistical measures? Could you provide more insight into its use or application?",gpt-4o,1,"[-2.959961, -7.107425e-06, -3.4121115e-06, -0.16180405, -3.1576679, -0.007418271, -0.10507494, -1.6240566e-06, -0.9181215, -0.61623734, -0.74277973, -1.3812104, -0.0024291673, -0.02336567, -1.2075546, -4.763667e-05, -0.8804188, -2.494416, -0.419386, -0.95343566, -0.8405367, -0.0002669384, -0.7618726, -0.35411525, -2.2063003, -0.17650244, -0.024530742, -4.673479, -0.047369312, -0.33823833, -0.08167973]"
2025-01-19 15:05:48.591336,3,a1809024,message,bit of everything,"Ah, I see! Can you share if this concept is more theoretical, like foundational principles, or applied, as in practical uses or real-world applications?",gpt-4o,1,"[-1.6114227, -0.000631544, -3.214913, -5.550411e-05, -0.21789436, -1.8131492, -0.0015639003, -2.1838717, -1.9094427, -0.008947925, -0.03040787, -0.045466274, -1.7089549, -1.3136435, -0.44623044, -0.3929876, -1.7476647, -0.29487404, -0.21455069, -6.873572e-05, -3.387335, -0.015047408, -4.068587, -0.0011043756, -0.51929647, -4.4259267, -1.2865981, -1.5102692, -0.005979397, -0.6175818, -0.15707399]"
2025-01-19 15:06:07.025096,3,a1809024,message,practical and foundational. ,"Thanks for the clarification! Could you tell me if this concept is typically represented through visual aids like graphs or charts, numerical formulas, or through descriptive summaries?",gpt-4o,1,"[-2.353324, -0.043177772, -0.9849049, -1.329294, -0.16022463, -0.57831794, -0.0019934666, -2.6946614, -7.3742274e-05, -0.22919914, -0.0051636663, -0.04489862, -0.17060776, -2.0017633, -4.3362856, -0.7326094, -1.7792273, -1.5578508, -0.48825717, -0.06222424, -0.56535417, -0.03448079, -0.007171875, -2.3515172, -1.3878366, -0.017321253, -0.0034477802, -2.5007143, -1.3503108, -2.1595416, -0.25135562]"
2025-01-19 15:06:18.365895,3,a1809024,message,sometimes,"Alright! Would this concept be something commonly taught in introductory statistics courses, or is it more advanced and specialized?",gpt-4o,1,"[-2.836547, -0.8836631, -2.8701506, -0.8463273, -0.07059404, -0.27658126, -0.9643269, -1.5290768, -0.4895573, -0.518658, -0.050959803, -0.016784988, -0.0062167244, -0.040090393, -0.1170525, -0.041193914, -2.3795938e-05, -0.15799741, -0.028738877, -0.39304867, -0.37555423, -0.12087688]"
2025-01-19 15:06:32.317604,3,a1809024,message,not usually. but there are courses,"Intriguing! Could you describe if this concept is more about understanding randomness, data distribution, or maybe even a method for testing hypotheses?",gpt-4o,1,"[-3.4526243, -0.00010843054, -1.0683535e-05, -0.008733115, -1.0902221, -0.05609958, -0.74026984, -1.1984417, -0.010708444, -0.03408028, -0.49588042, -2.5549064, -0.63861036, -1.3704349, -3.2986007, -0.31735522, -2.444884, -1.1998987, -0.04301438, -1.4798021, -3.3667884, -3.6086338, -3.3763003, -0.8863526, -0.35850587, -3.7186756, -0.13399029, -0.34497988]"
2025-01-19 15:07:16.852703,3,a1809024,message,less about testing hypotheses and more about prediction and esimation,"Great hint! Would this concept be something like regression analysis, where prediction and estimation are key elements?",gpt-4o,1,"[-2.0123672, -1.9949529, -0.00031520487, -1.5935528, -0.10065163, -0.01973445, -0.8462728, -3.1633015, -0.78327405, -0.3791876, -0.0323194, -0.4309758, -1.1380229, -0.68374264, -0.011222178, -0.0002292847, -0.59664917, -0.24513292, -2.1763632, -0.1952214]"
2025-01-19 15:07:27.000442,3,a1809024,message,how many qs are we up to?,We're currently on question 10. Let me know if we're heading in the right direction or if I should shift focus slightly.,gpt-4o,1,"[-0.85652006, -0.5567799, -3.8025, -0.05463186, -0.029361155, -0.6863538, -0.042176567, -2.5658998, -0.0052593723, -0.009132341, -0.018083686, -4.0087094, -2.8907363, -0.002684564, -0.00031520487, -0.00046212802, -0.00011605957, -0.6699239, -0.0053559057, -1.3804445, -0.14606954, -4.2768574, -0.6581747, -1.8778542, -0.93766475]"
2025-01-19 15:07:54.138314,3,a1809024,message,not regression analysis ,Got it! Could you elaborate if this concept involves the use of algorithms or models to improve the accuracy of predictions or estimates?,gpt-4o,1,"[-0.82878506, -0.0001593195, -0.095747136, -0.43878135, -0.13822813, -2.2081501, -2.1399884, -0.051253285, -0.019600028, -0.4341831, -3.3596604, -0.19296466, -0.004278904, -0.90115297, -0.24389753, -0.21675538, -1.1428529, -2.9023676, -1.6162882, -0.068052985, -0.0077804145, -0.026612613, -1.5698186, -1.1489662, -0.53019774]"
2025-01-19 15:08:05.847444,3,a1809024,message,models. all about models,"Ah, that narrows it down! Is this statistical concept about creating simplified representations or simulations, perhaps like Bayesian models or time-series models, often used for prediction purposes?",gpt-4o,1,"[-0.94825447, -0.0059998943, -1.6294434, -1.7786905, -7.89631e-07, -0.00318734, -0.00050775736, -0.09508167, -0.7761435, -0.380504, -4.022783, -0.064236954, -4.5214343, -1.1085984, -3.8660786, -0.077032894, -3.4998968, -0.31159985, -2.7401066, -1.2756442, -1.3296009, -1.0230453, -0.4511615, -0.082913466, -3.4876761, -2.3502078, -1.1844153, -1.6008799, -4.791423, -0.047127802, -0.45601493, -1.4701456, -3.8823388, -0.0021689364]"
2025-01-19 15:08:16.665340,3,a1809024,message,yes very close,"Wonderful! Could it be Bayesian inference, where probabilistic models are used to make predictions and update beliefs based on new data?",gpt-4o,1,"[-2.4410672, -0.0029674768, -1.3947173, -1.6613672, -0.08397471, -0.8374698, -0.2774538, -0.18551676, -0.7414144, -3.38383, -2.220075e-06, -0.0047807614, -0.072415814, -0.15137078, -0.5822154, -1.2207869, -0.040727403, -0.087441586, -0.59375787, -0.10377217, -0.70030475, -7.755679e-05, -0.61958295, -0.07547193, -0.0002734946]"
2025-01-19 15:08:33.708413,3,a1809024,message,what is your guess of the secret word?,"Based on our conversation, my guess for the secret word is ""Bayesian inference."" Is that correct?",gpt-4o,1,"[-1.0320804, -3.1281633e-07, -1.6320138, -0.8351419, -0.0059495373, -0.124007486, -0.011177268, -0.02381277, -0.2536611, -7.13582e-05, -0.0001878055, -0.032971986, -0.030130185, -4.274932e-05, -2.4391957e-05, -0.055163782, -0.0114105325, -0.9833364, -0.0065674684, -0.023144038, -0.0150035005]"
2025-01-19 15:08:45.235504,3,a1809024,message,one secret word though remember,"Ah, my guess for the secret word is ""Bayesian."" Is that correct?
",gpt-4o,1,"[-0.44505835, -0.0010388831, -1.5159353, -1.4299234, -0.17240681, -0.05395382, -0.4378851, -0.0021763123, -0.16118471, -0.021812662, -0.0008305939, -0.005236718, -0.1481657, -0.4759003, -0.014384095, -0.42992052, -9.000183]"
2025-01-19 15:08:51.630634,3,a1809024,message,ye,"Awesome! I'm glad I guessed it correctly. Thanks for playing the game with me! If you want to play again or have any other questions, feel free to ask.",gpt-4o,1,"[-0.6026059, -0.0040818434, -0.24838625, -0.016936552, -0.2255599, -0.23959924, -0.0068685827, -1.8558222, -0.0084950775, -0.54752386, -0.00035441187, -0.00048620347, -0.3360391, -0.008638677, -0.114071, -1.9361265e-07, -0.13535579, -0.09062227, -0.3199523, -2.222211, -0.0026352303, -0.23333237, -0.021918563, -0.015235155, -0.23115659, -0.057066903, -0.2907239, -0.018212568, -0.0095340125, -0.20641772, 0.0, -2.6895234e-05, -1.5025852, -0.048947956]"
2025-01-19 17:25:22.217192,4,a1809025,message,hi,"Hello! I've been informed that we need to play a game of 20 questions. Have you selected 2 secret words for me to guess? If so, please let me know, and also tell me if you want to play the game with your secret word 1 or secret word 2.",gpt-4o,1,"[-0.008620132, -0.01603519, -0.036605716, -0.0022066394, -1.1680282, -0.022375872, -0.77264273, -0.03728424, -4.3202e-07, -0.00014287306, -0.16056855, -0.019743215, -0.0010163756, -2.8802491e-05, 0.0, -2.265706, -0.104105294, -0.056920525, -3.1281633e-07, -0.036664333, -1.6170588, -6.704273e-07, 0.0, 0.0, -0.39426833, -2.0153496, -0.001956706, -0.0010189945, -0.012254382, -0.31367898, -0.028419014, -7.89631e-07, -0.35937068, -0.07117718, -2.1008714e-06, -0.000101159116, -1.594547, -0.0014717686, -1.179838, -0.68371826, -0.00020628207, -0.54988015, -1.897601, -0.58364797, -2.022547, -0.2945234, -1.8181967, -6.82589e-05, -0.04471307, -4.7633123, -0.1608336, -6.0033854e-05, -0.0022990627, 0.0, -7.226629e-06, -2.2589784, -1.9816675e-06, -1.9361265e-07, 0.0, -0.040609397]"
2025-01-19 17:25:49.378295,4,a1809025,message,1,"Great! Let's get started with your chosen secret word 1. To help me make my first guess, can you describe the general category or type of thing your word belongs to? For example, is it an animal, object, emotion, or concept?",gpt-4o,1,"[-0.0004716643, -0.04945694, -0.11380527, -1.2301916, -6.1537958e-06, -0.03375036, -1.7344553, -5.412251, -0.042411055, -9.133887e-06, -0.090279035, 0.0, -0.000191024, -1.265494, -1.9724159, -0.3075858, -2.4584575, -2.2951548, -0.06926293, -0.068271466, -0.006174194, -1.1484886, -2.6968896e-06, -0.05726067, -0.3402134, -0.77344286, -0.0012602333, -0.0033326568, -1.1840391, -0.12838747, -0.42671403, -0.10796193, -0.63284206, -0.046289455, -1.6240566e-06, -0.03771689, -1.8001965, -0.11282603, -0.003188167, -0.020916475, -1.5213274e-05, -0.36236286, -0.42963633, -7.89631e-07, -0.9018114, -7.89631e-07, -2.6562395, -1.8431772e-05, -1.220576, -4.2775455, -0.048677407]"
2025-01-19 17:25:59.746818,4,a1809025,message,animal,"Thanks! Could you tell me what kind of environment this animal typically lives in? For example, is it a land, water, or air dwelling creature?",gpt-4o,1,"[-1.0451812, -1.5019693, -0.47529802, -9.0883464e-07, -1.9618403, 0.0, -2.5894, -0.67610824, -2.6060809e-05, -0.695283, -2.0179477, -1.9361265e-07, -0.19660555, -0.98660874, -2.486877e-05, -0.86335236, -0.14860986, -0.82594746, -0.00026562717, -1.4130747, -0.0022042627, -2.6686213, -0.5494443, -0.11824152, -0.49050292, -8.613945e-05, -0.06615961, -0.13314606, -3.9669745, -0.28219506, -0.89977413]"
2025-01-19 17:26:09.079800,4,a1809025,message,ocean,"Interesting! Is this ocean-dwelling animal known for any distinctive features or behaviors, like a unique shape, color, size, or any special abilities?",gpt-4o,1,"[-0.15096587, -0.010974365, -2.6009471, -0.023429722, -0.016232835, -0.09883537, -7.89631e-07, -9.627177e-05, -0.014163982, -0.4634316, -0.06453326, -0.6694872, -0.97575694, -0.28481796, -0.09013056, -0.26554736, -0.45738044, -1.5079818, -1.0839366, -0.24864444, -1.2596046, -0.005929155, -0.16654678, -0.09045884, -3.0641596, -0.000732913, -0.0011193805, -3.49093, -0.45496538, -0.4197847, -0.2208057]"
2025-01-19 17:26:20.287304,4,a1809025,message,blue smart,"With those clues, it sounds intriguing! Could you describe the typical diet or feeding habits of this blue and intelligent ocean creature? For example, what does it primarily eat, or how does it catch its food?",gpt-4o,1,"[-2.3567986, -1.8397454, -0.12522787, -0.28617394, -0.51996285, -0.10943769, -1.3877039, -0.061979562, -0.6837132, -0.0078117433, -1.1160553, -0.78760576, -2.10224, -0.5873347, -0.31388062, -0.675277, -0.024386024, -0.00087275164, -0.00039301923, -0.639651, -0.9864086, -1.4082663, -0.027643321, -0.84785855, -0.00042042506, -1.5274003, -0.82594734, -4.596782e-05, -1.5844271, -0.5142121, -0.0002162915, -1.385148, -0.02424105, -1.5482177, -0.34861252, -0.0049302434, -0.00015002528, -5.6769813e-06, -1.865658, -0.0012017777, -0.16028982, -0.00014275387]"
2025-01-19 17:26:28.464337,4,a1809025,message,fish,"With this information and the features of being blue and smart and eating fish, your secret word might be ""dolphin."" Am I on the right track, or could you describe more characteristics of this animal?",gpt-4o,1,"[-3.6693344, -2.541098, -0.10839865, -9.343404, -0.94237816, -9999.0, -3.3028805, -0.012743898, -0.009544634, -1.1368942, -0.28210372, -5.526763, -0.68927497, -0.00034452166, -0.004502162, -6.6456017, -0.05507546, -0.029947523, -0.098813355, -0.0065223416, -0.50300586, -0.0019563483, -1.9361265e-07, -9.0883464e-07, -0.024614954, -0.8809225, 0.0, -0.43423328, -0.00118773, -2.9875326e-05, -0.0019363662, -0.33601788, -0.00039670718, -1.3035345, -0.0007977157, -4.491581, -1.7556454, -1.5073762, -2.958915, -0.12601294, -0.21669017, -0.09701612]"
2025-01-19 17:26:38.973908,4,a1809025,message,it is!,"Awesome! I guessed it correctly—dolphin it is! Thanks for playing the game with me. If you'd like to play again or have any other questions, feel free to let me know!",gpt-4o,1,"[-1.4008877, -0.02326202, -1.7921498, -0.02957772, -0.12880948, -1.4807012, -0.68251723, -0.8822691, -1.147242e-06, -0.0024757776, -0.1740175, -9.014684e-06, -0.01815685, -0.5706817, -0.0011083055, -0.0026990667, -0.40404475, -0.0067420155, -0.071387745, -2.486877e-05, -0.0017193273, -0.13993245, -0.60327643, -0.0010521037, -0.02881845, -0.13097554, -0.08119535, -0.7647229, -0.20900112, -0.0450641, -0.20229207, -0.096187495, -0.07386318, -0.21180406, -1.9361265e-07, -1.1279553e-05, -0.048804346, 0.0, 0.0, -0.12696674]"
